{"cameraMode":{"drawMode":0,"name":"Shaded","section":"Shading Mode"},"sceneLighting":false,"audioPlay":false,"sceneViewState":{"showFog":true,"showMaterialUpdate":false,"showSkybox":false,"showFlares":true,"showImageEffects":true,"showParticleSystems":true},"in2DMode":false,"pivot":{"x":3.5762786865234377e-7,"y":0.09999978542327881,"z":-0.0005000010132789612},"rotation":{"x":0.1566278040409088,"y":-0.5693116188049316,"z":0.11155770719051361,"w":0.7993181943893433},"size":10.58737564086914,"orthographic":true}